coluna,contagem,media,desvio_padrao,minimo,q1,mediana,q3,maximo
id,6.0,3.5,1.8708286933869707,1.0,2.25,3.5,4.75,6.0
escolaridade_anos,6.0,11.666666666666666,3.011090610836324,8.0,9.5,11.5,13.5,16.0
salario_mensal,6.0,2633.3333333333335,1036.6613075960088,1500.0,1900.0,2400.0,3275.0,4200.0
