variavel,grupo_tratado,media,dp,mediana
nota,0,83.84799955999999,3.7565302230753885,86.14999749999998
nota,1,83.08571440816326,3.829993588606052,85.099998
estudo_mae,0,5.17,2.3942775800354728,5.0
estudo_mae,1,3.8979591836734695,1.5843095662167441,4.0
mulher,0,0.46,0.4988965780511854,0.0
mulher,1,0.46938775510204084,0.5000836330189007,0.0
cor,0,0.5,0.5005007512521916,0.5
cor,1,0.5510204081632653,0.4984083062567621,1.0
