variavel,estatistica_t,p_valor,graus_liberdade
nota,-2.5682637005036097,0.01052456529968867,476.4814969189439
estudo_mae,-8.63315126542886,4.2252582146047553e-17,679.550695220085
